[{"id":"user-image-photo-1499708544652-0e4c43899071.jpeg","publicUrl":"np://user.desktop.nicepage.com/Site_896819763/images/photo-1499708544652-0e4c43899071.jpeg","size":49224,"hash":"XKVwGgwdNurVIn+/kLEaC0pevEg=","fileName":"photo-1499708544652-0e4c43899071.jpeg","name":"photo-1499708544652-0e4c43899071","width":1080,"height":712,"thumbnail":{"url":"np://user.desktop.nicepage.com/Site_896819763/images/thumbnails/photo-1499708544652-0e4c43899071.jpeg","width":250,"height":165},"folderId":null,"usages":["986114935"]},{"id":"user-image-photo-1508614589041-895b88991e3e.jpeg","publicUrl":"np://user.desktop.nicepage.com/Site_896819763/images/photo-1508614589041-895b88991e3e.jpeg","size":71278,"hash":"opjaL5TbTHntAZuNFTQBabxnv2s=","fileName":"photo-1508614589041-895b88991e3e.jpeg","name":"photo-1508614589041-895b88991e3e","width":1080,"height":771,"thumbnail":{"url":"np://user.desktop.nicepage.com/Site_896819763/images/thumbnails/photo-1508614589041-895b88991e3e.jpeg","width":250,"height":178},"folderId":null,"usages":["986114935"]},{"id":"user-image-photo-1504890001746-a9a68eda46e2.jpeg","publicUrl":"np://user.desktop.nicepage.com/Site_896819763/images/photo-1504890001746-a9a68eda46e2.jpeg","size":67908,"hash":"w50qK1ZHRtp0m4QWftKdAMpqVPc=","fileName":"photo-1504890001746-a9a68eda46e2.jpeg","name":"photo-1504890001746-a9a68eda46e2","width":1080,"height":796,"thumbnail":{"url":"np://user.desktop.nicepage.com/Site_896819763/images/thumbnails/photo-1504890001746-a9a68eda46e2.jpeg","width":250,"height":184},"folderId":null,"usages":["986114935"]},{"id":"user-image-photo-1508444845599-5c89863b1c44.jpeg","publicUrl":"np://user.desktop.nicepage.com/Site_896819763/images/photo-1508444845599-5c89863b1c44.jpeg","size":36100,"hash":"D/U/FLeBfnxZw1EbF0qb2Bfha/k=","fileName":"photo-1508444845599-5c89863b1c44.jpeg","name":"photo-1508444845599-5c89863b1c44","width":1080,"height":721,"thumbnail":{"url":"np://user.desktop.nicepage.com/Site_896819763/images/thumbnails/photo-1508444845599-5c89863b1c44.jpeg","width":250,"height":167},"folderId":null,"usages":["986114935"]},{"id":"user-image-eGHYqId8mrfw.jpeg","publicUrl":"np://user.desktop.nicepage.com/Site_896819763/images/eGHYqId8mrfw.jpeg","size":101624,"hash":"K+f6coA+fqVVQJLa42Ayoj005Ng=","fileName":"eGHYqId8mrfw.jpeg","name":"eGHYqId8mrfw","width":500,"height":322,"thumbnail":{"url":"np://user.desktop.nicepage.com/Site_896819763/images/thumbnails/eGHYqId8mrfw.jpeg","width":250,"height":161},"folderId":null,"usages":["986114935"]},{"id":"user-image-447114.png","publicUrl":"np://user.desktop.nicepage.com/Site_896819763/images/447114.png","size":1336,"hash":"hx6+3QXlStHCwpVOH6wikRPmE34=","fileName":"447114.png","name":"447114","width":128,"height":128,"thumbnail":{"url":"np://user.desktop.nicepage.com/Site_896819763/images/thumbnails/447114.png","width":128,"height":128,"length":1336,"type":"png"},"folderId":null,"originalUrl":"//images01.nicepagecdn.com/c461c07a441a5d220e8feb1a/24dae00e17f6532ab1da29b5/447114.png","usages":["986114935"]},{"id":"user-image-450016.png","publicUrl":"np://user.desktop.nicepage.com/Site_896819763/images/450016.png","size":2212,"hash":"NjIDKwEwwkMOyN9Xmc6IrGu2HnU=","fileName":"450016.png","name":"450016","width":128,"height":128,"thumbnail":{"url":"np://user.desktop.nicepage.com/Site_896819763/images/thumbnails/450016.png","width":128,"height":128,"length":2212,"type":"png"},"folderId":null,"originalUrl":"//images01.nicepagecdn.com/c461c07a441a5d220e8feb1a/4642740414ce593c9dc53a36/450016.png","usages":["986114935"]},{"id":"user-image-ce131fa2-9b26-4c33-a9f7-aff3357242a7.png","publicUrl":"np://user.desktop.nicepage.com/Site_896819763/images/ce131fa2-9b26-4c33-a9f7-aff3357242a7.png","size":2660,"hash":"0ZspmpJed2V+ls9SdzG0IOu3OBE=","fileName":"ce131fa2-9b26-4c33-a9f7-aff3357242a7.png","name":"ce131fa2-9b26-4c33-a9f7-aff3357242a7","width":128,"height":128,"thumbnail":{"url":"np://user.desktop.nicepage.com/Site_896819763/images/thumbnails/ce131fa2-9b26-4c33-a9f7-aff3357242a7.png","width":128,"height":128,"length":2660,"type":"png"},"folderId":null,"originalUrl":"//images01.nicepagecdn.com/c461c07a441a5d220e8feb1a/469116bb27505611bf792aa9/ce131fa2-9b26-4c33-a9f7-aff3357242a7.png","usages":["986114935"]},{"id":"user-image-black-logo-8_150.png","publicUrl":"np://user.desktop.nicepage.com/Site_896819763/images/black-logo-8_150.png","size":20851,"hash":"lpb9c9aXjhyI9Bb7mb48BYysrdE=","fileName":"black-logo-8_150.png","name":"black-logo-8_150","width":133,"height":135,"thumbnail":{"url":"np://user.desktop.nicepage.com/Site_896819763/images/thumbnails/black-logo-8_150.png","width":133,"height":135,"length":20851,"type":"png"},"folderId":null,"originalUrl":"//images01.nicepagecdn.com/thumbs/a1389d7bc73adea1e1c1fb7e/7b273cca908c5a97a1457ce5/black-logo-8_150.png","usages":["986114935"]},{"id":"user-image-black-logo-5.png","publicUrl":"np://user.desktop.nicepage.com/Site_896819763/images/black-logo-5.png","size":20120,"hash":"o2NeaRyFgV4iBbdCbXQCMbQDdDs=","fileName":"black-logo-5.png","name":"black-logo-5","width":142,"height":155,"thumbnail":{"url":"np://user.desktop.nicepage.com/Site_896819763/images/thumbnails/black-logo-5.png","width":142,"height":155,"length":20120,"type":"png"},"folderId":null,"originalUrl":"//images01.nicepagecdn.com/a1389d7bc73adea1e1c1fb7e/f4c2ec35cca95ad2b1db886b/black-logo-5.png","usages":["986114935"]},{"id":"user-image-black-logo-6.png","publicUrl":"np://user.desktop.nicepage.com/Site_896819763/images/black-logo-6.png","size":20790,"hash":"GnhB5ZJ41PM/e2Nor1+wmL5QC50=","fileName":"black-logo-6.png","name":"black-logo-6","width":131,"height":171,"thumbnail":{"url":"np://user.desktop.nicepage.com/Site_896819763/images/thumbnails/black-logo-6.png","width":131,"height":171,"length":20790,"type":"png"},"folderId":null,"originalUrl":"//images01.nicepagecdn.com/a1389d7bc73adea1e1c1fb7e/62605c9f773e5f9cbdda4dbf/black-logo-6.png","usages":["986114935"]},{"id":"user-image-black-logo-4.png","publicUrl":"np://user.desktop.nicepage.com/Site_896819763/images/black-logo-4.png","size":22120,"hash":"Z3OnsSlIW/Xwl97auEhQtmCu4bg=","fileName":"black-logo-4.png","name":"black-logo-4","width":134,"height":154,"thumbnail":{"url":"np://user.desktop.nicepage.com/Site_896819763/images/thumbnails/black-logo-4.png","width":134,"height":154,"length":22120,"type":"png"},"folderId":null,"originalUrl":"//images01.nicepagecdn.com/a1389d7bc73adea1e1c1fb7e/da20b91fac9e573f9e813582/black-logo-4.png","usages":["986114935"]},{"id":"user-image-black-logo-3.png","publicUrl":"np://user.desktop.nicepage.com/Site_896819763/images/black-logo-3.png","size":22472,"hash":"wyHzhKO9xjzm2k1z7P/3KSTt6lM=","fileName":"black-logo-3.png","name":"black-logo-3","width":168,"height":156,"thumbnail":{"url":"np://user.desktop.nicepage.com/Site_896819763/images/thumbnails/black-logo-3.png","width":168,"height":156,"length":22472,"type":"png"},"folderId":null,"originalUrl":"//images01.nicepagecdn.com/a1389d7bc73adea1e1c1fb7e/8aba9edd10b65867bb8c1fd0/black-logo-3.png","usages":["986114935"]},{"id":"user-image-black-logo-2_150.png","publicUrl":"np://user.desktop.nicepage.com/Site_896819763/images/black-logo-2_150.png","size":20486,"hash":"dJqfsQlJ6VDplVS0OXboYWx1ZXA=","fileName":"black-logo-2_150.png","name":"black-logo-2_150","width":108,"height":140,"thumbnail":{"url":"np://user.desktop.nicepage.com/Site_896819763/images/thumbnails/black-logo-2_150.png","width":108,"height":140,"length":20486,"type":"png"},"folderId":null,"originalUrl":"//images01.nicepagecdn.com/thumbs/a1389d7bc73adea1e1c1fb7e/e8ce7cced71d5c7aa4d002e1/black-logo-2_150.png","usages":["986114935"]},{"id":"user-image-black-logo-1.png","publicUrl":"np://user.desktop.nicepage.com/Site_896819763/images/black-logo-1.png","size":21465,"hash":"+S5C7QqyluuZsUjTGAMoqg2uGg0=","fileName":"black-logo-1.png","name":"black-logo-1","width":151,"height":158,"thumbnail":{"url":"np://user.desktop.nicepage.com/Site_896819763/images/thumbnails/black-logo-1.png","width":151,"height":158,"length":21465,"type":"png"},"folderId":null,"originalUrl":"//images01.nicepagecdn.com/a1389d7bc73adea1e1c1fb7e/a32313390c475bec9fff6116/black-logo-1.png","usages":["986114935"]},{"id":"user-image-colleagues-reading-using-laptop.jpg","publicUrl":"np://user.desktop.nicepage.com/Site_896819763/images/colleagues-reading-using-laptop.jpg","size":136810,"hash":"iEyl7ZFREhb45y4mccpga0JhkrQ=","fileName":"colleagues-reading-using-laptop.jpg","name":"colleagues-reading-using-laptop","width":740,"height":1110,"thumbnail":{"url":"np://user.desktop.nicepage.com/Site_896819763/images/thumbnails/colleagues-reading-using-laptop.jpg","width":167,"height":250},"folderId":null,"originalUrl":"https://assets.nicepagecdn.com/d2cc3eaa/6411963/images/colleagues-reading-using-laptop.jpg","usages":["986114935"]},{"id":"user-image-nero.png","publicUrl":"np://user.desktop.nicepage.com/Site_896819763/images/nero.png","size":49502,"hash":"Ha67U8sjPrLdFU/u9V2IubSQ2FA=","fileName":"nero.png","name":"nero","width":1803,"height":535,"thumbnail":{"url":"np://user.desktop.nicepage.com/Site_896819763/images/thumbnails/nero.png","width":250,"height":74},"folderId":null,"usages":[]},{"id":"user-image-20240209_113650.Rosto.jpg","publicUrl":"np://user.desktop.nicepage.com/Site_896819763/images/20240209_113650.Rosto.jpg","size":384951,"hash":"2/KQ261r+0kM48oPgi0BEc5J5G0=","fileName":"20240209_113650.Rosto.jpg","name":"20240209_113650.Rosto","width":1365,"height":1805,"thumbnail":{"url":"np://user.desktop.nicepage.com/Site_896819763/images/thumbnails/20240209_113650.Rosto.jpg","width":189,"height":250},"folderId":null,"usages":["986114935"]}]