[{"id":37899575,"isFolder":true,"title":"Página Brandão - novo template","status":2,"order":null,"dateCreated":null,"dateUpdated":null,"folderId":null},{"id":879400985,"title":"Blog Template","order":1,"templateKey":"blog","customTemplate":false,"customTemplateFilename":null,"pageLinks":[],"dateCreated":"2025-02-21T12:42:02.394Z","dateUpdated":"2025-02-21T12:42:05.463Z","folderId":null,"pageName":"Blog Template","serverPageId":null,"sectionCount":1,"status":2,"backwardUrl":null},{"id":1951921392,"title":"Post Template","order":2,"templateKey":"post","customTemplate":false,"customTemplateFilename":null,"pageLinks":[],"dateCreated":"2025-02-21T12:42:02.670Z","dateUpdated":"2025-02-21T12:42:05.464Z","folderId":null,"pageName":"Post Template","serverPageId":null,"sectionCount":1,"status":2,"backwardUrl":null},{"id":209666370,"title":"Product List Template","order":3,"templateKey":"products","customTemplate":false,"customTemplateFilename":null,"pageLinks":[],"dateCreated":"2025-02-21T12:42:02.942Z","dateUpdated":"2025-02-21T12:42:05.464Z","folderId":null,"pageName":"Product List Template","serverPageId":null,"sectionCount":1,"status":2,"backwardUrl":null},{"id":892622608,"title":"Product Details Template","order":4,"templateKey":"product","customTemplate":false,"customTemplateFilename":null,"pageLinks":[],"dateCreated":"2025-02-21T12:42:03.246Z","dateUpdated":"2025-02-21T12:42:05.465Z","folderId":null,"pageName":"Product Details Template","serverPageId":null,"sectionCount":1,"status":2,"backwardUrl":null},{"id":86004756,"title":"Shopping Cart Template","order":5,"templateKey":"cart","customTemplate":false,"customTemplateFilename":null,"pageLinks":[],"dateCreated":"2025-02-21T12:42:03.609Z","dateUpdated":"2025-02-21T12:42:05.466Z","folderId":null,"pageName":"Shopping Cart Template","serverPageId":null,"sectionCount":1,"status":2,"backwardUrl":null},{"id":36374043,"title":"Checkout Template","order":6,"templateKey":"checkout","customTemplate":false,"customTemplateFilename":null,"pageLinks":[],"dateCreated":"2025-02-21T12:42:04.056Z","dateUpdated":"2025-02-21T12:42:05.467Z","folderId":null,"pageName":"Checkout Template","serverPageId":null,"sectionCount":1,"status":2,"backwardUrl":null},{"id":769526721,"title":"Login Template","order":7,"templateKey":"login","customTemplate":false,"customTemplateFilename":null,"pageLinks":[],"dateCreated":"2025-02-21T12:42:04.246Z","dateUpdated":"2025-02-21T12:42:05.467Z","folderId":null,"pageName":"Login Template","serverPageId":null,"sectionCount":1,"status":2,"backwardUrl":null},{"id":188109999,"title":"Search Page Template","order":8,"templateKey":"Search","customTemplate":false,"customTemplateFilename":null,"pageLinks":[],"dateCreated":"2025-02-21T12:42:04.387Z","dateUpdated":"2025-02-21T12:42:05.467Z","folderId":null,"pageName":"Search Page Template","serverPageId":null,"sectionCount":1,"status":2,"backwardUrl":null},{"id":261512820,"title":"Page Password Template","order":9,"templateKey":"password","customTemplate":false,"customTemplateFilename":null,"pageLinks":[],"dateCreated":"2025-02-21T12:42:04.511Z","dateUpdated":"2025-02-21T12:42:05.468Z","folderId":null,"pageName":"Page Password Template","serverPageId":null,"sectionCount":1,"status":2,"backwardUrl":null},{"id":66673277,"title":"404 Not Found Template","order":10,"templateKey":"404","customTemplate":false,"customTemplateFilename":null,"pageLinks":[],"dateCreated":"2025-02-21T12:42:04.628Z","dateUpdated":"2025-02-21T12:42:05.468Z","folderId":null,"pageName":"404 Not Found Template","serverPageId":null,"sectionCount":1,"status":2,"backwardUrl":null},{"id":1528827883,"title":"Thank You Page Template","order":11,"templateKey":"ThankYou","customTemplate":false,"customTemplateFilename":null,"pageLinks":[],"dateCreated":"2025-02-21T12:42:04.739Z","dateUpdated":"2025-02-21T12:42:05.469Z","folderId":null,"pageName":"Thank You Page Template","serverPageId":null,"sectionCount":1,"status":2,"backwardUrl":null},{"id":12539723,"title":"Página Inicial","order":50,"templateKey":null,"customTemplate":false,"customTemplateFilename":null,"pageLinks":[],"dateCreated":"2025-02-21T12:42:06.517Z","dateUpdated":"2025-02-21T12:43:52.605Z","folderId":null,"pageName":"Página Inicial_12539723","serverPageId":null,"sectionCount":1,"status":2,"backwardUrl":null},{"id":50926521,"title":"Sobre","order":100,"templateKey":null,"customTemplate":false,"customTemplateFilename":null,"pageLinks":[],"dateCreated":"2025-02-21T12:42:04.819Z","dateUpdated":"2025-02-21T12:42:05.469Z","folderId":null,"pageName":"Sobre_50926521","serverPageId":null,"sectionCount":1,"status":2,"backwardUrl":null},{"id":168806649,"title":"Contato","order":101,"templateKey":null,"customTemplate":false,"customTemplateFilename":null,"pageLinks":[],"dateCreated":"2025-02-21T12:42:04.878Z","dateUpdated":"2025-02-21T12:42:05.469Z","folderId":null,"pageName":"Contato_168806649","serverPageId":null,"sectionCount":1,"status":2,"backwardUrl":null},{"id":252909556,"title":"Página 1","order":102,"templateKey":null,"customTemplate":false,"customTemplateFilename":null,"pageLinks":[],"dateCreated":"2025-02-21T12:44:01.525Z","dateUpdated":"2025-02-21T12:46:34.128Z","folderId":null,"pageName":"Página 1_252909556","serverPageId":null,"sectionCount":3,"status":2,"backwardUrl":null},{"id":986114935,"title":"Página 2","order":103,"templateKey":null,"customTemplate":false,"customTemplateFilename":null,"pageLinks":[],"dateCreated":"2025-02-21T13:01:23.735Z","dateUpdated":"2025-02-21T13:47:14.427Z","folderId":null,"pageName":"Página 2_986114935","serverPageId":null,"sectionCount":6,"status":2,"backwardUrl":null}]